# x_m,y_m,w_tr_right_m,w_tr_left_m
2.0435,-17.5208,0.9500,0.9500
2.0435,-17.5708,0.9500,0.9500
2.0435,-17.6208,0.9500,0.9500
2.0435,-17.6708,0.9500,0.9500
2.0435,-17.7208,0.9500,0.9500
2.0435,-17.7708,0.9500,0.9500
2.0435,-17.8208,0.9500,0.9500
2.0435,-17.8708,0.9500,0.9500
2.0435,-17.9208,0.9500,0.9500
2.0435,-17.9708,0.9510,0.9510
2.0935,-18.0208,0.9042,0.9042
2.0935,-18.0708,0.9093,0.9093
2.0935,-18.1208,0.9166,0.9166
2.0935,-18.1708,0.9258,0.9258
2.0935,-18.2208,0.9369,0.9369
2.0935,-18.2708,0.9500,0.9500
2.0935,-18.3208,0.9500,0.9500
2.0935,-18.3708,0.9500,0.9500
2.0935,-18.4208,0.9510,0.9510
2.1435,-18.4708,0.9042,0.9042
2.1435,-18.5208,0.9093,0.9093
2.1435,-18.5708,0.9166,0.9166
2.1435,-18.6208,0.9258,0.9258
2.1435,-18.6708,0.9369,0.9369
2.1435,-18.7208,0.9500,0.9500
2.1935,-18.7708,0.9000,0.9000
2.1935,-18.8208,0.9010,0.9010
2.1935,-18.8708,0.9042,0.9042
2.1935,-18.9208,0.9093,0.9093
2.1935,-18.9708,0.9166,0.9166
2.1935,-19.0208,0.9258,0.9258
2.1935,-19.0708,0.9176,0.9176
2.1935,-19.1208,0.9021,0.9021
2.2435,-19.1708,0.9042,0.9042
2.2435,-19.2208,0.9093,0.9093
2.2435,-19.2708,0.9166,0.9166
2.2435,-19.3208,0.9021,0.9021
2.2435,-19.3708,0.8885,0.8885
2.2435,-19.4208,0.8769,0.8769
2.2435,-19.4708,0.8673,0.8673
2.2935,-19.5208,0.9093,0.9093
2.2935,-19.5708,0.9042,0.9042
2.2935,-19.6208,0.9010,0.9010
2.2935,-19.6708,0.8885,0.8885
2.2935,-19.7208,0.8769,0.8769
2.2935,-19.7708,0.8673,0.8673
2.2935,-19.8208,0.8597,0.8597
2.2935,-19.8708,0.8543,0.8543
2.3435,-19.9208,0.9010,0.9010
2.3435,-19.9708,0.9000,0.9000
2.3435,-20.0208,0.8885,0.8885
2.3435,-20.0708,0.8769,0.8769
2.3435,-20.1208,0.8673,0.8673
2.3435,-20.1708,0.8597,0.8597
2.3435,-20.2208,0.8543,0.8543
2.3435,-20.2708,0.8511,0.8511
2.3435,-20.3208,0.8500,0.8500
2.3435,-20.3708,0.8500,0.8500
2.3935,-20.4208,0.9000,0.9000
2.3935,-20.4708,0.9000,0.9000
2.3935,-20.5208,0.9000,0.9000
2.3935,-20.5708,0.9000,0.9000
2.3935,-20.6208,0.9000,0.9000
2.3935,-20.6708,0.9000,0.9000
2.3935,-20.7208,0.9000,0.9000
2.3935,-20.7708,0.9010,0.9010
2.4435,-20.8208,0.9540,0.9540
2.4435,-20.8708,0.9590,0.9590
2.4435,-20.9208,0.9659,0.9659
2.4435,-20.9708,0.9748,0.9748
2.4435,-21.0208,0.9855,0.9855
2.4435,-21.0708,0.9981,0.9981
2.4435,-21.1208,1.0010,1.0010
2.4935,-21.1708,1.0537,1.0537
2.4935,-21.2208,1.0583,1.0583
2.4935,-21.2708,1.0647,1.0647
2.4935,-21.3208,1.0730,1.0730
2.4935,-21.3708,1.0829,1.0829
2.4935,-21.4208,1.0946,1.0946
2.4935,-21.4708,1.1000,1.1000
2.5435,-21.5208,1.1500,1.1500
2.5435,-21.5708,1.1500,1.1500
2.5435,-21.6208,1.1500,1.1500
2.5435,-21.6708,1.1500,1.1500
2.5435,-21.7208,1.1500,1.1500
2.5435,-21.7708,1.1500,1.1500
2.5435,-21.8208,1.1500,1.1500
2.5435,-21.8708,1.1500,1.1500
2.5435,-21.9208,1.1500,1.1500
2.5935,-21.9708,1.2000,1.2000
2.5935,-22.0208,1.2000,1.2000
2.6435,-22.0708,1.2500,1.2500
2.6435,-22.1208,1.2500,1.2500
2.6435,-22.1708,1.2500,1.2500
2.6435,-22.2208,1.2500,1.2500
2.6935,-22.2708,1.3000,1.3000
2.6935,-22.3208,1.3000,1.3000
2.6935,-22.3708,1.3000,1.3000
2.6935,-22.4208,1.3000,1.3000
2.7435,-22.4708,1.3378,1.3378
2.7435,-22.5208,1.3279,1.3279
2.7935,-22.5708,1.3688,1.3688
2.7935,-22.6208,1.3621,1.3621
2.7935,-22.6708,1.3568,1.3568
2.8435,-22.7208,1.4029,1.4029
2.8435,-22.7708,1.3978,1.3978
2.8935,-22.8208,1.4357,1.4357
2.8935,-22.8708,1.4263,1.4263
2.8935,-22.9208,1.4183,1.4183
2.9435,-22.9708,1.4586,1.4586
2.9435,-23.0208,1.4464,1.4464
2.9435,-23.0708,1.4357,1.4357
2.9935,-23.1208,1.4755,1.4755
3.0435,-23.1708,1.5173,1.5173
3.0935,-23.2208,1.5554,1.5554
3.0935,-23.2708,1.5439,1.5439
3.1435,-23.3208,1.5822,1.5822
3.1935,-23.3708,1.6138,1.6138
3.1935,-23.4208,1.5974,1.5974
3.2435,-23.4708,1.6300,1.6300
3.2935,-23.5208,1.6449,1.6449
3.3435,-23.5708,1.6449,1.6449
3.3935,-23.6208,1.6449,1.6449
3.4435,-23.6708,1.6449,1.6449
3.4935,-23.7208,1.6474,1.6474
3.5435,-23.7708,1.6526,1.6526
3.5935,-23.8208,1.6602,1.6602
3.6435,-23.8208,1.6300,1.6300
3.6935,-23.8708,1.6416,1.6416
3.7435,-23.8708,1.6138,1.6138
3.7935,-23.8708,1.5868,1.5868
3.8435,-23.9208,1.6039,1.6039
3.8935,-23.9208,1.5795,1.5795
3.9435,-23.9208,1.5561,1.5561
3.9935,-23.9208,1.5337,1.5337
4.0435,-23.9708,1.5581,1.5581
4.0935,-23.9708,1.5385,1.5385
4.1435,-23.9708,1.5200,1.5200
4.1935,-23.9708,1.5028,1.5028
4.2435,-23.9708,1.4868,1.4868
4.2935,-24.0208,1.5200,1.5200
4.3435,-24.0208,1.5069,1.5069
4.3935,-24.0208,1.4951,1.4951
4.4435,-24.0208,1.4847,1.4847
4.4935,-24.0208,1.4755,1.4755
4.5435,-24.0208,1.4678,1.4678
4.5935,-24.0708,1.5111,1.5111
4.6435,-24.0708,1.5062,1.5062
4.6935,-24.0708,1.5028,1.5028
4.7435,-24.0708,1.5007,1.5007
4.7935,-24.0708,1.5000,1.5000
4.8435,-24.0708,1.5000,1.5000
4.8935,-24.0708,1.5000,1.5000
4.9435,-24.0708,1.5000,1.5000
4.9935,-24.1208,1.5507,1.5507
5.0435,-24.1208,1.5527,1.5527
5.0935,-24.1208,1.5561,1.5561
5.1435,-24.0708,1.5111,1.5111
5.1935,-24.0708,1.5173,1.5173
5.2435,-24.0708,1.5248,1.5248
5.2935,-24.0708,1.5337,1.5337
5.3435,-24.0708,1.5439,1.5439
5.3935,-24.0708,1.5554,1.5554
5.4435,-24.0708,1.5682,1.5682
5.4935,-24.0708,1.5822,1.5822
5.5435,-24.0708,1.5974,1.5974
5.5935,-24.0208,1.5668,1.5668
5.6435,-24.0208,1.5848,1.5848
5.6935,-24.0208,1.6039,1.6039
5.7435,-24.0208,1.6242,1.6242
5.7935,-24.0208,1.6455,1.6455
5.8435,-24.0208,1.6602,1.6602
5.8935,-23.9708,1.6474,1.6474
5.9435,-23.9708,1.6723,1.6723
5.9935,-23.9708,1.6906,1.6906
6.0435,-23.9708,1.6812,1.6812
6.0935,-23.9208,1.7112,1.7112
6.1435,-23.9208,1.7131,1.7131
6.1935,-23.9208,1.7012,1.7012
6.2435,-23.9208,1.6906,1.6906
6.2935,-23.8708,1.7261,1.7261
6.3435,-23.8708,1.7131,1.7131
6.3935,-23.8208,1.7500,1.7500
6.4435,-23.7708,1.7670,1.7670
6.4935,-23.7208,1.7839,1.7839
6.5435,-23.6708,1.8030,1.8030
6.5935,-23.6208,1.8219,1.8219
6.6435,-23.5708,1.8319,1.8319
6.6435,-23.5208,1.8006,1.8006
6.6935,-23.4708,1.8101,1.8101
6.6935,-23.4208,1.7809,1.7809
6.6935,-23.3708,1.7524,1.7524
6.7435,-23.3208,1.7670,1.7670
6.7435,-23.2708,1.7408,1.7408
6.7435,-23.2208,1.7156,1.7156
6.7935,-23.1708,1.7353,1.7353
6.7935,-23.1208,1.7125,1.7125
6.7935,-23.0708,1.6906,1.6906
6.7935,-23.0208,1.6698,1.6698
6.8435,-22.9708,1.6962,1.6962
6.8435,-22.9208,1.6780,1.6780
6.8435,-22.8708,1.6609,1.6609
6.8435,-22.8208,1.6449,1.6449
6.8935,-22.7708,1.6780,1.6780
6.8935,-22.7208,1.6647,1.6647
6.8935,-22.6708,1.6526,1.6526
6.8935,-22.6208,1.6416,1.6416
6.8435,-22.5708,1.5828,1.5828
6.8435,-22.5208,1.5742,1.5742
6.8435,-22.4708,1.5668,1.5668
6.8435,-22.4208,1.5608,1.5608
6.8435,-22.3708,1.5561,1.5561
6.8435,-22.3208,1.5527,1.5527
6.8435,-22.2708,1.5507,1.5507
6.8435,-22.2208,1.5500,1.5500
6.8435,-22.1708,1.5500,1.5500
6.7935,-22.1208,1.5000,1.5000
6.7935,-22.0708,1.5000,1.5000
6.7935,-22.0208,1.5000,1.5000
6.7935,-21.9708,1.5000,1.5000
6.7935,-21.9208,1.5000,1.5000
6.7935,-21.8708,1.5007,1.5007
6.7935,-21.8208,1.5028,1.5028
6.7935,-21.7708,1.5062,1.5062
6.7935,-21.7208,1.5111,1.5111
6.7435,-21.6708,1.4678,1.4678
6.7435,-21.6208,1.4755,1.4755
6.7435,-21.5708,1.4847,1.4847
6.7435,-21.5208,1.4951,1.4951
6.7435,-21.4708,1.5069,1.5069
6.7435,-21.4208,1.5173,1.5173
6.7435,-21.3708,1.5248,1.5248
6.7435,-21.3208,1.5337,1.5337
6.7435,-21.2708,1.5439,1.5439
6.6935,-21.2208,1.5069,1.5069
6.6935,-21.1708,1.5200,1.5200
6.6935,-21.1208,1.5337,1.5337
6.6935,-21.0708,1.5439,1.5439
6.6935,-21.0208,1.5554,1.5554
6.6935,-20.9708,1.5682,1.5682
6.6935,-20.9208,1.5822,1.5822
6.6935,-20.8708,1.5927,1.5927
6.6935,-20.8208,1.6039,1.6039
6.6435,-20.7708,1.5682,1.5682
6.6435,-20.7208,1.5822,1.5822
6.6435,-20.6708,1.5927,1.5927
6.6435,-20.6208,1.6039,1.6039
6.6435,-20.5708,1.6164,1.6164
6.5935,-20.5208,1.5822,1.5822
6.5935,-20.4708,1.5927,1.5927
6.5935,-20.4208,1.6039,1.6039
6.5935,-20.3708,1.6164,1.6164
6.5935,-20.3208,1.6164,1.6164
6.5435,-20.2708,1.5974,1.5974
6.5435,-20.2208,1.6138,1.6138
6.5435,-20.1708,1.6300,1.6300
6.5435,-20.1208,1.6164,1.6164
6.4935,-20.0708,1.6039,1.6039
6.4935,-20.0208,1.6164,1.6164
6.4935,-19.9708,1.6300,1.6300
6.4935,-19.9208,1.6164,1.6164
6.4435,-19.8708,1.6138,1.6138
6.4435,-19.8208,1.6300,1.6300
6.4435,-19.7708,1.6300,1.6300
6.4435,-19.7208,1.6164,1.6164
6.4435,-19.6708,1.6039,1.6039
6.3935,-19.6208,1.6300,1.6300
6.3935,-19.5708,1.6300,1.6300
6.3935,-19.5208,1.6164,1.6164
6.3935,-19.4708,1.6039,1.6039
6.3935,-19.4208,1.5927,1.5927
6.3435,-19.3708,1.6320,1.6320
6.3435,-19.3208,1.6235,1.6235
6.3435,-19.2708,1.6164,1.6164
6.3435,-19.2208,1.6039,1.6039
6.3435,-19.1708,1.5927,1.5927
6.2935,-19.1208,1.6320,1.6320
6.2935,-19.0708,1.6235,1.6235
6.2935,-19.0208,1.6164,1.6164
6.2935,-18.9708,1.6039,1.6039
6.2435,-18.9208,1.6416,1.6416
6.2435,-18.8708,1.6320,1.6320
6.2435,-18.8208,1.6235,1.6235
6.2435,-18.7708,1.6164,1.6164
6.1935,-18.7208,1.6526,1.6526
6.1935,-18.6708,1.6416,1.6416
6.1935,-18.6208,1.6320,1.6320
6.1935,-18.5708,1.6235,1.6235
6.1935,-18.5208,1.6164,1.6164
6.1935,-18.4708,1.6039,1.6039
6.1935,-18.4208,1.5927,1.5927
6.1435,-18.3708,1.6320,1.6320
6.1435,-18.3208,1.6235,1.6235
6.1435,-18.2708,1.6164,1.6164
6.1435,-18.2208,1.6039,1.6039
6.1435,-18.1708,1.5927,1.5927
6.0935,-18.1208,1.6320,1.6320
6.0935,-18.0708,1.6235,1.6235
6.0935,-18.0208,1.6164,1.6164
6.0935,-17.9708,1.6105,1.6105
6.0935,-17.9208,1.6059,1.6059
6.0935,-17.8708,1.6026,1.6026
6.0935,-17.8208,1.5927,1.5927
6.0935,-17.7708,1.5828,1.5828
6.0935,-17.7208,1.5742,1.5742
6.0935,-17.6708,1.5668,1.5668
6.0435,-17.6208,1.6105,1.6105
6.0435,-17.5708,1.6059,1.6059
6.0435,-17.5208,1.6026,1.6026
6.0435,-17.4708,1.6007,1.6007
6.0435,-17.4208,1.6000,1.6000
6.0435,-17.3708,1.6000,1.6000
6.0435,-17.3208,1.5927,1.5927
6.0435,-17.2708,1.5828,1.5828
6.0435,-17.2208,1.5742,1.5742
6.0435,-17.1708,1.5668,1.5668
6.0435,-17.1208,1.5608,1.5608
6.0435,-17.0708,1.5561,1.5561
5.9935,-17.0208,1.6026,1.6026
5.9935,-16.9708,1.6007,1.6007
5.9935,-16.9208,1.6000,1.6000
5.9935,-16.8708,1.6000,1.6000
5.9935,-16.8208,1.6000,1.6000
5.9935,-16.7708,1.6000,1.6000
5.9935,-16.7208,1.6000,1.6000
5.9935,-16.6708,1.6000,1.6000
5.9935,-16.6208,1.6000,1.6000
5.9935,-16.5708,1.6000,1.6000
5.9935,-16.5208,1.6000,1.6000
5.9435,-16.4708,1.6500,1.6500
5.9435,-16.4208,1.6500,1.6500
5.9435,-16.3708,1.6500,1.6500
5.9435,-16.3208,1.6500,1.6500
5.9435,-16.2708,1.6500,1.6500
5.9435,-16.2208,1.6500,1.6500
5.9435,-16.1708,1.6500,1.6500
5.9435,-16.1208,1.6500,1.6500
5.9435,-16.0708,1.6506,1.6506
5.9435,-16.0208,1.6526,1.6526
5.9435,-15.9708,1.6558,1.6558
5.9435,-15.9208,1.6602,1.6602
5.8935,-15.8708,1.7156,1.7156
5.8935,-15.8208,1.7224,1.7224
5.8935,-15.7708,1.7304,1.7304
5.8935,-15.7208,1.7396,1.7396
5.8935,-15.6708,1.7500,1.7500
5.8935,-15.6208,1.7597,1.7597
5.8935,-15.5708,1.7652,1.7652
5.8935,-15.5208,1.7718,1.7718
5.8935,-15.4708,1.7797,1.7797
5.8935,-15.4208,1.7887,1.7887
5.8935,-15.3708,1.7988,1.7988
5.8935,-15.3208,1.8054,1.8054
5.8935,-15.2708,1.8095,1.8095
5.8935,-15.2208,1.8148,1.8148
5.8935,-15.1708,1.8213,1.8213
5.8435,-15.1208,1.8000,1.8000
5.8435,-15.0708,1.8000,1.8000
5.8435,-15.0208,1.8000,1.8000
5.8435,-14.9708,1.8000,1.8000
5.8435,-14.9208,1.8000,1.8000
5.8435,-14.8708,1.8006,1.8006
5.8435,-14.8208,1.8024,1.8024
5.8435,-14.7708,1.8024,1.8024
5.8435,-14.7208,1.8006,1.8006
5.8435,-14.6708,1.8000,1.8000
5.8435,-14.6208,1.8000,1.8000
5.8435,-14.5708,1.7988,1.7988
5.8435,-14.5208,1.7887,1.7887
5.8435,-14.4708,1.7797,1.7797
5.8435,-14.4208,1.7718,1.7718
5.8435,-14.3708,1.7652,1.7652
5.8435,-14.3208,1.7597,1.7597
5.8435,-14.2708,1.7555,1.7555
5.8435,-14.2208,1.7524,1.7524
5.8435,-14.1708,1.7506,1.7506
5.8435,-14.1208,1.7500,1.7500
5.8435,-14.0708,1.7500,1.7500
5.8935,-14.0208,1.8000,1.8000
5.8935,-13.9708,1.8000,1.8000
5.8935,-13.9208,1.8000,1.8000
5.8935,-13.8708,1.8000,1.8000
5.8935,-13.8208,1.8000,1.8000
5.8935,-13.7708,1.8000,1.8000
5.8935,-13.7208,1.8000,1.8000
5.8935,-13.6708,1.8000,1.8000
5.9435,-13.6208,1.8500,1.8500
5.9435,-13.5708,1.8500,1.8500
5.9935,-13.5208,1.9000,1.9000
5.9935,-13.4708,1.9000,1.9000
6.0435,-13.4208,1.9506,1.9506
6.0435,-13.3708,1.9522,1.9522
6.0935,-13.3208,2.0049,2.0049
6.1435,-13.2708,2.0585,2.0585
6.1435,-13.2208,2.0633,2.0633
6.1435,-13.1708,2.0691,2.0691
6.1935,-13.1208,2.0770,2.0770
6.2435,-13.0708,2.0505,2.0505
6.2435,-13.0208,2.0712,2.0712
6.2935,-12.9708,2.0409,2.0409
6.2935,-12.9208,2.0585,2.0585
6.3435,-12.8708,2.0308,2.0308
6.3435,-12.8208,2.0505,2.0505
6.3935,-12.7708,2.0243,2.0243
6.3935,-12.7208,2.0409,2.0409
6.4435,-12.6708,2.0119,2.0119
6.4435,-12.6208,2.0308,2.0308
6.4935,-12.5708,2.0049,2.0049
6.4935,-12.5208,2.0259,2.0259
6.4935,-12.4708,2.0479,2.0479
6.5435,-12.4208,2.0259,2.0259
6.5435,-12.3708,2.0479,2.0479
6.5935,-12.3208,2.0243,2.0243
6.5935,-12.2708,2.0409,2.0409
6.6435,-12.2208,2.0119,2.0119
6.6435,-12.1708,2.0308,2.0308
6.6935,-12.1208,2.0049,2.0049
6.6935,-12.0708,2.0259,2.0259
6.6935,-12.0208,2.0259,2.0259
6.7435,-11.9708,2.0259,2.0259
6.7435,-11.9208,2.0259,2.0259
6.7935,-11.8708,2.0259,2.0259
6.7935,-11.8208,2.0259,2.0259
6.8435,-11.7708,2.0259,2.0259
6.8435,-11.7208,2.0259,2.0259
6.8935,-11.6708,2.0265,2.0265
6.8935,-11.6208,2.0259,2.0259
6.9435,-11.5708,2.0324,2.0324
6.9435,-11.5208,2.0259,2.0259
6.9935,-11.4708,2.0436,2.0436
6.9935,-11.4208,2.0259,2.0259
6.9935,-11.3708,2.0033,2.0033
7.0435,-11.3208,2.0259,2.0259
7.0435,-11.2708,2.0049,2.0049
7.0935,-11.2208,2.0308,2.0308
7.0935,-11.1708,2.0119,2.0119
7.1435,-11.1208,2.0324,2.0324
7.1935,-11.0708,2.0505,2.0505
7.2435,-11.0208,2.0585,2.0585
7.2435,-10.9708,2.0479,2.0479
7.2935,-10.9208,2.0712,2.0712
7.2935,-10.8708,2.0505,2.0505
7.3435,-10.8208,2.0770,2.0770
7.3935,-10.7708,2.0817,2.0817
7.4435,-10.7208,2.0717,2.0717
7.4435,-10.6708,2.0712,2.0712
7.4935,-10.6208,2.0754,2.0754
7.5435,-10.5708,2.0817,2.0817
7.5935,-10.5208,2.0717,2.0717
7.5935,-10.4708,2.0601,2.0601
7.6435,-10.4208,2.0712,2.0712
7.6935,-10.3708,2.0754,2.0754
7.7435,-10.3208,2.0754,2.0754
7.7935,-10.2708,2.0712,2.0712
7.7935,-10.2208,2.0601,2.0601
7.8435,-10.1708,2.0712,2.0712
7.8935,-10.1208,2.0754,2.0754
7.9435,-10.0708,2.0754,2.0754
7.9435,-10.0208,2.0505,2.0505
7.9935,-9.9708,2.0601,2.0601
8.0435,-9.9208,2.0717,2.0717
8.0935,-9.8708,2.0817,2.0817
8.1435,-9.8208,2.0901,2.0901
8.1935,-9.7708,2.0817,2.0817
8.1935,-9.7208,2.0717,2.0717
8.2435,-9.6708,2.0817,2.0817
8.2935,-9.6208,2.0901,2.0901
8.3435,-9.5708,2.1005,2.1005
8.3435,-9.5208,2.0717,2.0717
8.3935,-9.4708,2.0854,2.0854
8.4435,-9.4208,2.1005,2.1005
8.4935,-9.3708,2.1130,2.1130
8.5435,-9.3208,2.1274,2.1274
8.5935,-9.2708,2.1398,2.1398
8.6435,-9.2208,2.1398,2.1398
8.6435,-9.1708,2.1135,2.1135
8.6935,-9.1208,2.1207,2.1207
8.7435,-9.0708,2.1300,2.1300
8.7935,-9.0208,2.1413,2.1413
8.8435,-8.9708,2.1546,2.1546
8.8935,-8.9208,2.1698,2.1698
8.9435,-8.8708,2.1749,2.1749
8.9935,-8.8208,2.1749,2.1749
8.9935,-8.7708,2.1602,2.1602
9.0435,-8.7208,2.1703,2.1703
9.0935,-8.6708,2.1824,2.1824
9.1435,-8.6208,2.1910,2.1910
9.1435,-8.5708,2.1602,2.1602
9.1935,-8.5208,2.1703,2.1703
9.2435,-8.4708,2.1824,2.1824
9.2435,-8.4208,2.1546,2.1546
9.2935,-8.3708,2.1698,2.1698
9.2935,-8.3208,2.1439,2.1439
9.3435,-8.2708,2.1622,2.1622
9.3435,-8.2208,2.1382,2.1382
9.3435,-8.1708,2.1151,2.1151
9.3935,-8.1208,2.1377,2.1377
9.3935,-8.0708,2.1151,2.1151
9.4435,-8.0208,2.1377,2.1377
9.4435,-7.9708,2.1151,2.1151
9.4435,-7.9208,2.0927,2.0927
9.4935,-7.8708,2.1166,2.1166
9.4935,-7.8208,2.0964,2.0964
9.4935,-7.7708,2.0770,2.0770
9.5435,-7.7208,2.1052,2.1052
9.5435,-7.6708,2.0880,2.0880
9.5935,-7.6208,2.1192,2.1192
9.5935,-7.5708,2.1042,2.1042
9.5935,-7.5208,2.0880,2.0880
9.6435,-7.4708,2.1192,2.1192
9.6435,-7.4208,2.1042,2.1042
9.6435,-7.3708,2.0901,2.0901
9.6435,-7.3208,2.0770,2.0770
9.6935,-7.2708,2.1135,2.1135
9.6935,-7.2208,2.1026,2.1026
9.6935,-7.1708,2.0927,2.0927
9.6935,-7.1208,2.0838,2.0838
9.6435,-7.0708,2.0265,2.0265
9.6435,-7.0208,2.0195,2.0195
9.6435,-6.9708,2.0135,2.0135
9.6435,-6.9208,2.0087,2.0087
9.6435,-6.8708,2.0049,2.0049
9.5935,-6.8208,1.9522,1.9522
9.5935,-6.7708,1.9506,1.9506
9.5935,-6.7208,1.9500,1.9500
9.5935,-6.6708,1.9500,1.9500
9.5935,-6.6208,1.9500,1.9500
9.5435,-6.5708,1.9000,1.9000
9.5435,-6.5208,1.9000,1.9000
9.5435,-6.4708,1.9000,1.9000
9.5435,-6.4208,1.9000,1.9000
9.5435,-6.3708,1.9000,1.9000
9.4935,-6.3208,1.8500,1.8500
9.4935,-6.2708,1.8500,1.8500
9.4935,-6.2208,1.8500,1.8500
9.4935,-6.1708,1.8500,1.8500
9.4935,-6.1208,1.8506,1.8506
9.4435,-6.0708,1.8024,1.8024
9.4435,-6.0208,1.8054,1.8054
9.4435,-5.9708,1.8095,1.8095
9.4435,-5.9208,1.8148,1.8148
9.3935,-5.8708,1.7718,1.7718
9.3935,-5.8208,1.7797,1.7797
9.3935,-5.7708,1.7887,1.7887
9.3935,-5.7208,1.7988,1.7988
9.3435,-5.6708,1.7616,1.7616
9.3435,-5.6208,1.7742,1.7742
9.3435,-5.5708,1.7881,1.7881
9.3435,-5.5208,1.8030,1.8030
9.3435,-5.4708,1.8190,1.8190
9.2935,-5.4208,1.7881,1.7881
9.2935,-5.3708,1.8030,1.8030
9.2935,-5.3208,1.8190,1.8190
9.2935,-5.2708,1.8360,1.8360
9.2435,-5.2208,1.8077,1.8077
9.2435,-5.1708,1.8272,1.8272
9.2435,-5.1208,1.8477,1.8477
9.1935,-5.0708,1.8243,1.8243
9.1935,-5.0208,1.8471,1.8471
9.1935,-4.9708,1.8691,1.8691
9.1935,-4.9208,1.8915,1.8915
9.1435,-4.8708,1.8691,1.8691
9.1435,-4.8208,1.8915,1.8915
9.1435,-4.7708,1.9142,1.9142
9.1435,-4.7208,1.9361,1.9361
9.0935,-4.6708,1.9147,1.9147
9.0435,-4.6208,1.8954,1.8954
9.0435,-4.5708,1.9209,1.9209
8.9935,-4.5208,1.9051,1.9051
8.9935,-4.4708,1.9327,1.9327
8.9435,-4.4208,1.9204,1.9204
8.9435,-4.3708,1.9500,1.9500
8.8935,-4.3208,1.9411,1.9411
8.8435,-4.2708,1.9344,1.9344
8.8435,-4.2208,1.9500,1.9500
8.7935,-4.1708,1.9611,1.9611
8.7435,-4.1208,1.9500,1.9500
8.6935,-4.0708,1.9411,1.9411
8.6435,-4.0208,1.9327,1.9327
8.6435,-3.9708,1.9500,1.9500
8.5935,-3.9208,1.9500,1.9500
8.5435,-3.8708,1.9411,1.9411
8.4935,-3.8208,1.9344,1.9344
8.4935,-3.7708,1.9411,1.9411
8.4435,-3.7208,1.9500,1.9500
8.3935,-3.6708,1.9500,1.9500
8.3435,-3.6208,1.9411,1.9411
8.2935,-3.5708,1.9344,1.9344
8.2435,-3.5208,1.9299,1.9299
8.2435,-3.4708,1.9299,1.9299
8.1935,-3.4208,1.9344,1.9344
8.1435,-3.3708,1.9411,1.9411
8.0935,-3.3208,1.9500,1.9500
8.0435,-3.2708,1.9611,1.9611
7.9935,-3.2208,1.9500,1.9500
7.9435,-3.1708,1.9411,1.9411
7.8935,-3.1208,1.9344,1.9344
7.8435,-3.0708,1.9299,1.9299
7.8435,-3.0208,1.9277,1.9277
7.7935,-2.9708,1.9277,1.9277
7.7435,-2.9208,1.9277,1.9277
7.6935,-2.8708,1.9277,1.9277
7.6435,-2.8208,1.9277,1.9277
7.5935,-2.7708,1.9277,1.9277
7.5435,-2.7208,1.9277,1.9277
7.4935,-2.6708,1.9277,1.9277
7.4435,-2.6208,1.9277,1.9277
7.3935,-2.5708,1.9277,1.9277
7.3435,-2.5208,1.9277,1.9277
7.2935,-2.4708,1.9277,1.9277
7.2435,-2.4208,1.9277,1.9277
7.1935,-2.3708,1.9277,1.9277
7.1435,-2.3208,1.9277,1.9277
7.0935,-2.2708,1.9204,1.9204
7.0435,-2.2208,1.9102,1.9102
6.9935,-2.1708,1.9023,1.9023
6.9435,-2.1208,1.8966,1.8966
6.8935,-2.1208,1.8920,1.8920
6.8435,-2.0708,1.8920,1.8920
6.7935,-2.0208,1.8920,1.8920
6.7435,-1.9708,1.8920,1.8920
6.6935,-1.9208,1.8920,1.8920
6.6435,-1.8708,1.8920,1.8920
6.5935,-1.8208,1.8920,1.8920
6.5435,-1.7708,1.8932,1.8932
6.4935,-1.7208,1.8932,1.8932
6.4435,-1.7208,1.8639,1.8639
6.3935,-1.6708,1.8708,1.8708
6.3435,-1.6208,1.8800,1.8800
6.2935,-1.5708,1.8915,1.8915
6.2435,-1.5208,1.8932,1.8932
6.1935,-1.4708,1.8966,1.8966
6.1435,-1.4708,1.8639,1.8639
6.0935,-1.4208,1.8708,1.8708
6.0435,-1.3708,1.8800,1.8800
5.9935,-1.3208,1.8915,1.8915
5.9435,-1.2708,1.8966,1.8966
5.8935,-1.2708,1.8708,1.8708
5.8435,-1.2208,1.8800,1.8800
5.7935,-1.1708,1.8915,1.8915
5.7435,-1.1208,1.9023,1.9023
5.6935,-1.1208,1.8783,1.8783
5.6435,-1.0708,1.8915,1.8915
5.5935,-1.0208,1.9051,1.9051
5.5435,-0.9708,1.8915,1.8915
5.4935,-0.9708,1.8915,1.8915
5.4435,-0.9208,1.9051,1.9051
5.3935,-0.9208,1.8783,1.8783
5.3435,-0.8708,1.8915,1.8915
5.2935,-0.8708,1.8633,1.8633
5.2435,-0.8208,1.8783,1.8783
5.1935,-0.7708,1.8954,1.8954
5.1435,-0.7208,1.9051,1.9051
5.0935,-0.7208,1.8915,1.8915
5.0435,-0.6708,1.9142,1.9142
4.9935,-0.6708,1.8915,1.8915
4.9435,-0.6208,1.9142,1.9142
4.8935,-0.6208,1.8915,1.8915
4.8435,-0.5708,1.9051,1.9051
4.7935,-0.5708,1.8783,1.8783
4.7435,-0.5208,1.8954,1.8954
4.6935,-0.5208,1.8708,1.8708
4.6435,-0.4708,1.8915,1.8915
4.5935,-0.4708,1.8691,1.8691
4.5435,-0.4208,1.8915,1.8915
4.4935,-0.4208,1.8691,1.8691
4.4435,-0.3708,1.8915,1.8915
4.3935,-0.3708,1.8691,1.8691
4.3435,-0.3708,1.8477,1.8477
4.2935,-0.3208,1.8731,1.8731
4.2435,-0.3208,1.8541,1.8541
4.1935,-0.2708,1.8829,1.8829
4.1435,-0.2708,1.8662,1.8662
4.0935,-0.2708,1.8477,1.8477
4.0435,-0.2208,1.8731,1.8731
3.9935,-0.2208,1.8541,1.8541
3.9435,-0.2208,1.8360,1.8360
3.8935,-0.1708,1.8662,1.8662
3.8435,-0.1708,1.8506,1.8506
3.7935,-0.1708,1.8360,1.8360
3.7435,-0.1208,1.8662,1.8662
3.6935,-0.1208,1.8506,1.8506
3.6435,-0.1208,1.8360,1.8360
3.5935,-0.1208,1.8225,1.8225
3.5435,-0.0708,1.8587,1.8587
3.4935,-0.0708,1.8477,1.8477
3.4435,-0.0708,1.8360,1.8360
3.3935,-0.0208,1.8662,1.8662
3.3435,-0.0208,1.8506,1.8506
3.2935,-0.0208,1.8360,1.8360
3.2435,-0.0208,1.8225,1.8225
3.1935,0.0292,1.8587,1.8587
3.1435,0.0292,1.8477,1.8477
3.0935,0.0292,1.8360,1.8360
3.0435,0.0292,1.8225,1.8225
2.9935,0.0292,1.8101,1.8101
2.9435,0.0292,1.7988,1.7988
2.8935,0.0792,1.8378,1.8378
2.8435,0.0792,1.8290,1.8290
2.7935,0.0792,1.8213,1.8213
2.7435,0.0792,1.8148,1.8148
2.6935,0.0792,1.8095,1.8095
2.6435,0.0792,1.7988,1.7988
2.5935,0.1292,1.8378,1.8378
2.5435,0.1292,1.8290,1.8290
2.4935,0.1292,1.8213,1.8213
2.4435,0.1292,1.8148,1.8148
2.3935,0.1292,1.8095,1.8095
2.3435,0.1792,1.8552,1.8552
2.2935,0.1292,1.8024,1.8024
2.2435,0.1292,1.7988,1.7988
2.1935,0.1292,1.7887,1.7887
2.1435,0.1292,1.7797,1.7797
2.0935,0.1292,1.7718,1.7718
2.0435,0.1292,1.7652,1.7652
1.9935,0.1292,1.7597,1.7597
1.9435,0.1292,1.7555,1.7555
1.8935,0.1292,1.7524,1.7524
1.8435,0.1292,1.7506,1.7506
1.7935,0.1292,1.7500,1.7500
1.7435,0.1292,1.7500,1.7500
1.6935,0.0792,1.7000,1.7000
1.6435,0.0792,1.7000,1.7000
1.5935,0.0792,1.7000,1.7000
1.5435,0.0792,1.7000,1.7000
1.4935,0.0792,1.7000,1.7000
1.4435,0.0792,1.7000,1.7000
1.3935,0.0792,1.7000,1.7000
1.3435,0.0792,1.7000,1.7000
1.2935,0.0792,1.7000,1.7000
1.2435,0.0792,1.7000,1.7000
1.1935,0.0792,1.7000,1.7000
1.1435,0.0792,1.7000,1.7000
1.0935,0.0792,1.7000,1.7000
1.0435,0.0292,1.6500,1.6500
0.9935,0.0292,1.6500,1.6500
0.9435,0.0292,1.6500,1.6500
0.8935,0.0292,1.6506,1.6506
0.8435,0.0292,1.6526,1.6526
0.7935,0.0292,1.6558,1.6558
0.7435,0.0292,1.6602,1.6602
0.6935,0.0292,1.6660,1.6660
0.6435,0.0292,1.6729,1.6729
0.5935,0.0292,1.6812,1.6812
0.5435,0.0292,1.6906,1.6906
0.4935,-0.0208,1.6526,1.6526
0.4435,-0.0208,1.6602,1.6602
0.3935,-0.0208,1.6660,1.6660
0.3435,-0.0208,1.6729,1.6729
0.2935,-0.0208,1.6812,1.6812
0.2435,-0.0208,1.6906,1.6906
0.1935,-0.0208,1.7012,1.7012
0.1435,-0.0208,1.7100,1.7100
0.0935,-0.0208,1.7156,1.7156
0.0435,-0.0208,1.7224,1.7224
-0.0065,-0.0708,1.6812,1.6812
-0.0565,-0.0708,1.6906,1.6906
-0.1065,-0.0708,1.7012,1.7012
-0.1565,-0.0708,1.7131,1.7131
-0.2065,-0.0708,1.7261,1.7261
-0.2565,-0.0708,1.7396,1.7396
-0.3065,-0.0708,1.7500,1.7500
-0.3565,-0.0708,1.7616,1.7616
-0.4065,-0.0708,1.7742,1.7742
-0.4565,-0.1208,1.7396,1.7396
-0.5065,-0.1208,1.7500,1.7500
-0.5565,-0.1208,1.7616,1.7616
-0.6065,-0.1208,1.7742,1.7742
-0.6565,-0.1708,1.7396,1.7396
-0.7065,-0.1708,1.7500,1.7500
-0.7565,-0.1708,1.7616,1.7616
-0.8065,-0.1708,1.7742,1.7742
-0.8565,-0.1708,1.7881,1.7881
-0.9065,-0.2208,1.7500,1.7500
-0.9565,-0.2208,1.7616,1.7616
-1.0065,-0.2208,1.7742,1.7742
-1.0565,-0.2208,1.7881,1.7881
-1.1065,-0.2208,1.7988,1.7988
-1.1565,-0.2708,1.7718,1.7718
-1.2065,-0.2708,1.7881,1.7881
-1.2565,-0.2708,1.8030,1.8030
-1.3065,-0.3208,1.7718,1.7718
-1.3565,-0.3208,1.7881,1.7881
-1.4065,-0.3208,1.8030,1.8030
-1.4565,-0.3708,1.7718,1.7718
-1.5065,-0.3708,1.7881,1.7881
-1.5565,-0.3708,1.8030,1.8030
-1.6065,-0.4208,1.7718,1.7718
-1.6565,-0.4208,1.7881,1.7881
-1.7065,-0.4208,1.8030,1.8030
-1.7565,-0.4208,1.8190,1.8190
-1.8065,-0.4708,1.7881,1.7881
-1.8565,-0.4708,1.8030,1.8030
-1.9065,-0.4708,1.8190,1.8190
-1.9565,-0.5208,1.7881,1.7881
-2.0065,-0.5208,1.8030,1.8030
-2.0565,-0.5208,1.8190,1.8190
-2.1065,-0.5708,1.7893,1.7893
-2.1565,-0.5708,1.8077,1.8077
-2.2065,-0.6208,1.7815,1.7815
-2.2565,-0.6208,1.8024,1.8024
-2.3065,-0.6208,1.8190,1.8190
-2.3565,-0.6708,1.7881,1.7881
-2.4065,-0.6708,1.8030,1.8030
-2.4565,-0.7208,1.7718,1.7718
-2.5065,-0.7208,1.7893,1.7893
-2.5565,-0.7708,1.7616,1.7616
-2.6065,-0.7708,1.7815,1.7815
-2.6565,-0.7708,1.8024,1.8024
-2.7065,-0.8208,1.7718,1.7718
-2.7565,-0.8208,1.7893,1.7893
-2.8065,-0.8708,1.7616,1.7616
-2.8565,-0.8708,1.7815,1.7815
-2.9065,-0.9208,1.7555,1.7555
-2.9565,-0.9208,1.7718,1.7718
-3.0065,-0.9708,1.7427,1.7427
-3.0565,-0.9708,1.7616,1.7616
-3.1065,-1.0208,1.7359,1.7359
-3.1565,-1.0208,1.7573,1.7573
-3.2065,-1.0708,1.7353,1.7353
-3.2565,-1.0708,1.7555,1.7555
-3.3065,-1.1208,1.7248,1.7248
-3.3565,-1.1208,1.7427,1.7427
-3.4065,-1.1708,1.7156,1.7156
-3.4565,-1.1708,1.7359,1.7359
-3.5065,-1.2208,1.7125,1.7125
-3.5565,-1.2208,1.7353,1.7353
-3.6065,-1.2708,1.7081,1.7081
-3.6565,-1.3208,1.6780,1.6780
-3.7065,-1.3208,1.6962,1.6962
-3.7565,-1.3708,1.6698,1.6698
-3.8065,-1.3708,1.6906,1.6906
-3.8565,-1.4208,1.6679,1.6679
-3.9065,-1.4208,1.6906,1.6906
-3.9565,-1.4708,1.6679,1.6679
-4.0065,-1.4708,1.6906,1.6906
-4.0565,-1.5208,1.6679,1.6679
-4.1065,-1.5708,1.6455,1.6455
-4.1565,-1.6208,1.6235,1.6235
-4.2065,-1.6208,1.6449,1.6449
-4.2565,-1.6708,1.6138,1.6138
-4.3065,-1.6708,1.6313,1.6313
-4.3565,-1.7208,1.6039,1.6039
-4.4065,-1.7708,1.5788,1.5788
-4.4565,-1.8208,1.5561,1.5561
-4.5065,-1.8208,1.5788,1.5788
-4.5565,-1.8708,1.5561,1.5561
-4.6065,-1.9208,1.5358,1.5358
-4.6565,-1.9708,1.5180,1.5180
-4.7065,-2.0208,1.5028,1.5028
-4.7565,-2.0208,1.5310,1.5310
-4.8065,-2.0708,1.5118,1.5118
-4.8565,-2.0708,1.5200,1.5200
-4.9065,-2.1208,1.5118,1.5118
-4.9565,-2.1708,1.5028,1.5028
-5.0065,-2.2208,1.4903,1.4903
-5.0565,-2.2708,1.4755,1.4755
-5.1065,-2.3208,1.4614,1.4614
-5.1565,-2.3708,1.4443,1.4443
-5.2065,-2.4208,1.4219,1.4219
-5.2565,-2.4708,1.4000,1.4000
-5.3065,-2.5208,1.3763,1.3763
-5.3565,-2.5708,1.3447,1.3447
-5.3565,-2.6208,1.3621,1.3621
-5.4065,-2.6708,1.3279,1.3279
-5.4565,-2.7208,1.2890,1.2890
-5.5065,-2.7708,1.2524,1.2524
-5.5065,-2.8208,1.2628,1.2628
-5.5565,-2.8708,1.2207,1.2207
-5.5565,-2.9208,1.2297,1.2297
-5.5565,-2.9708,1.2403,1.2403
-5.5565,-3.0208,1.2500,1.2500
-5.5565,-3.0708,1.2500,1.2500
-5.6065,-3.1208,1.2000,1.2000
-5.6065,-3.1708,1.2008,1.2008
-5.6065,-3.2208,1.2033,1.2033
-5.6065,-3.2708,1.2075,1.2075
-5.6065,-3.3208,1.2033,1.2033
-5.6065,-3.3708,1.1866,1.1866
-5.6065,-3.4208,1.1705,1.1705
-5.6065,-3.4708,1.1560,1.1560
-5.5565,-3.5208,1.0946,1.0946
-5.5565,-3.5708,1.0829,1.0829
-5.5565,-3.6208,1.0730,1.0730
-5.5565,-3.6708,1.0647,1.0647
-5.5565,-3.7208,1.0583,1.0583
-5.5565,-3.7708,1.0537,1.0537
-5.5565,-3.8208,1.0509,1.0509
-5.5065,-3.8708,1.0000,1.0000
-5.5065,-3.9208,1.0000,1.0000
-5.5065,-3.9708,1.0000,1.0000
-5.5065,-4.0208,1.0000,1.0000
-5.5065,-4.0708,1.0000,1.0000
-5.5065,-4.1208,1.0010,1.0010
-5.4565,-4.1708,0.9540,0.9540
-5.4565,-4.2208,0.9590,0.9590
-5.4565,-4.2708,0.9659,0.9659
-5.4565,-4.3208,0.9748,0.9748
-5.4565,-4.3708,0.9855,0.9855
-5.4065,-4.4208,0.9500,0.9500
-5.4065,-4.4708,0.9649,0.9649
-5.4065,-4.5208,0.9816,0.9816
-5.4065,-4.5708,1.0000,1.0000
-5.4065,-4.6208,1.0200,1.0200
-5.3565,-4.6708,0.9971,0.9971
-5.3565,-4.7208,1.0210,1.0210
-5.3565,-4.7708,1.0463,1.0463
-5.3565,-4.8208,1.0416,1.0416
-5.3565,-4.8708,1.0200,1.0200
-5.3065,-4.9208,1.0416,1.0416
-5.2565,-4.9708,1.0647,1.0647
-5.2565,-5.0208,1.0416,1.0416
-5.2065,-5.0708,1.0601,1.0601
-5.1565,-5.1208,1.0730,1.0730
-5.1065,-5.1708,1.0892,1.0892
-5.0565,-5.2208,1.1089,1.1089
-5.0065,-5.2708,1.1300,1.1300
-4.9565,-5.3208,1.1422,1.1422
-4.9065,-5.3208,1.1151,1.1151
-4.8565,-5.3708,1.1327,1.1327
-4.8065,-5.4208,1.1534,1.1534
-4.7565,-5.4208,1.1318,1.1318
-4.7065,-5.4208,1.1116,1.1116
-4.6565,-5.4708,1.1396,1.1396
-4.6065,-5.4708,1.1230,1.1230
-4.5565,-5.4708,1.1080,1.1080
-4.5065,-5.5208,1.1396,1.1396
-4.4565,-5.4708,1.0757,1.0757
-4.4065,-5.4708,1.0601,1.0601
-4.3565,-5.4708,1.0463,1.0463
-4.3065,-5.4708,1.0342,1.0342
-4.2565,-5.4708,1.0238,1.0238
-4.2065,-5.4208,0.9659,0.9659
-4.1565,-5.4208,0.9590,0.9590
-4.1065,-5.4208,0.9540,0.9540
-4.0565,-5.4208,0.9510,0.9510
-4.0065,-5.3708,0.9000,0.9000
-3.9565,-5.3708,0.9000,0.9000
-3.9065,-5.3708,0.9000,0.9000
-3.8565,-5.3708,0.9000,0.9000
-3.8065,-5.3208,0.8500,0.8500
-3.7565,-5.3208,0.8500,0.8500
-3.7065,-5.3208,0.8500,0.8500
-3.6565,-5.3208,0.8500,0.8500
-3.6065,-5.2708,0.8000,0.8000
-3.5565,-5.2708,0.8000,0.8000
-3.5065,-5.2708,0.8000,0.8000
-3.4565,-5.2708,0.8011,0.8011
-3.4065,-5.2208,0.7548,0.7548
-3.3565,-5.2208,0.7607,0.7607
-3.3065,-5.2208,0.7689,0.7689
-3.2565,-5.2208,0.7794,0.7794
-3.2065,-5.1708,0.7440,0.7440
-3.1565,-5.1708,0.7595,0.7595
-3.1065,-5.1708,0.7689,0.7689
-3.0565,-5.1708,0.7794,0.7794
-3.0065,-5.1708,0.7920,0.7920
-2.9565,-5.1208,0.7595,0.7595
-2.9065,-5.1208,0.7689,0.7689
-2.8565,-5.0708,0.7308,0.7308
-2.8065,-5.0708,0.7440,0.7440
-2.7565,-5.0708,0.7595,0.7595
-2.7065,-5.0208,0.7308,0.7308
-2.6565,-5.0208,0.7440,0.7440
-2.6065,-4.9708,0.7124,0.7124
-2.5565,-4.9708,0.7308,0.7308
-2.5065,-4.9708,0.7296,0.7296
-2.4565,-4.9208,0.7124,0.7124
-2.4065,-4.9208,0.7296,0.7296
-2.3565,-4.8708,0.7062,0.7062
-2.3065,-4.8708,0.7124,0.7124
-2.2565,-4.8708,0.6862,0.6862
-2.2065,-4.8208,0.7062,0.7062
-2.1565,-4.8208,0.6849,0.6849
-2.1065,-4.8208,0.6657,0.6657
-2.0565,-4.8208,0.6487,0.6487
-2.0065,-4.8208,0.6341,0.6341
-1.9565,-4.8208,0.6220,0.6220
-1.9065,-4.7708,0.6618,0.6618
-1.8565,-4.7708,0.6552,0.6552
-1.8065,-4.7708,0.6513,0.6513
-1.7565,-4.7708,0.6500,0.6500
-1.7065,-4.7708,0.6500,0.6500
-1.6565,-4.7208,0.7000,0.7000
-1.6065,-4.7208,0.7000,0.7000
-1.5565,-4.7208,0.7012,0.7012
-1.5065,-4.7208,0.7050,0.7050
-1.4565,-4.7208,0.7112,0.7112
-1.4065,-4.6708,0.7689,0.7689
-1.3565,-4.6708,0.7794,0.7794
-1.3065,-4.6708,0.7920,0.7920
-1.2565,-4.6708,0.8068,0.8068
-1.2065,-4.6708,0.8236,0.8236
-1.1565,-4.6208,0.8885,0.8885
-1.1065,-4.6208,0.9083,0.9083
-1.0565,-4.6208,0.9298,0.9298
-1.0065,-4.5708,0.9971,0.9971
-0.9565,-4.5708,1.0210,1.0210
-0.9065,-4.5708,1.0463,1.0463
-0.8565,-4.5708,1.0730,1.0730
-0.8065,-4.5208,1.1422,1.1422
-0.7565,-4.5208,1.1705,1.1705
-0.7065,-4.5208,1.2000,1.2000
-0.6565,-4.5208,1.2305,1.2305
-0.6065,-4.5208,1.2620,1.2620
-0.5565,-4.4708,1.3008,1.3008
-0.5065,-4.4708,1.3325,1.3325
-0.4565,-4.4708,1.3651,1.3651
-0.4065,-4.4708,1.3985,1.3985
-0.3565,-4.5208,1.4205,1.4205
-0.3065,-4.5708,1.4328,1.4328
-0.3065,-4.6208,1.4029,1.4029
-0.2565,-4.6708,1.4103,1.4103
-0.2065,-4.7208,1.4205,1.4205
-0.2065,-4.7708,1.3919,1.3919
-0.2065,-4.8208,1.3643,1.3643
-0.2065,-4.8708,1.3378,1.3378
-0.2065,-4.9208,1.3125,1.3125
-0.2065,-4.9708,1.2882,1.2882
-0.2565,-5.0208,1.2207,1.2207
-0.2565,-5.0708,1.1983,1.1983
-0.2565,-5.1208,1.1773,1.1773
-0.3065,-5.1708,1.1116,1.1116
-0.3065,-5.2208,1.0928,1.0928
-0.3065,-5.2708,1.0757,1.0757
-0.3565,-5.3208,1.0124,1.0124
-0.3565,-5.3708,0.9981,0.9981
-0.3565,-5.4208,0.9855,0.9855
-0.4065,-5.4708,0.9258,0.9258
-0.4065,-5.5208,0.9166,0.9166
-0.4065,-5.5708,0.9093,0.9093
-0.4565,-5.6208,0.8543,0.8543
-0.4565,-5.6708,0.8511,0.8511
-0.4565,-5.7208,0.8500,0.8500
-0.5065,-5.7708,0.8000,0.8000
-0.5065,-5.8208,0.8000,0.8000
-0.5065,-5.8708,0.8000,0.8000
-0.5565,-5.9208,0.7512,0.7512
-0.5565,-5.9708,0.7548,0.7548
-0.5565,-6.0208,0.7607,0.7607
-0.5565,-6.0708,0.7689,0.7689
-0.6065,-6.1208,0.7308,0.7308
-0.6065,-6.1708,0.7440,0.7440
-0.6065,-6.2208,0.7595,0.7595
-0.6565,-6.2708,0.7308,0.7308
-0.6565,-6.3208,0.7512,0.7512
-0.6565,-6.3708,0.7735,0.7735
-0.7065,-6.4208,0.7548,0.7548
-0.7065,-6.4708,0.7817,0.7817
-0.7065,-6.5208,0.7817,0.7817
-0.7565,-6.5708,0.7977,0.7977
-0.8065,-6.6208,0.7966,0.7966
-0.8065,-6.6708,0.7966,0.7966
-0.8565,-6.7208,0.8180,0.8180
-0.9065,-6.7708,0.8314,0.8314
-0.9065,-6.8208,0.8180,0.8180
-0.9565,-6.8708,0.8413,0.8413
-1.0065,-6.9208,0.8630,0.8630
-1.0565,-6.9708,0.8853,0.8853
-1.1065,-7.0208,0.9083,0.9083
-1.1565,-7.0708,0.9298,0.9298
-1.1565,-7.1208,0.9083,0.9083
-1.2065,-7.1708,0.9349,0.9349
-1.2565,-7.2208,0.9649,0.9649
-1.2565,-7.2708,0.9500,0.9500
-1.2565,-7.3208,0.9349,0.9349
-1.3065,-7.3708,0.9649,0.9649
-1.3565,-7.4208,0.9981,0.9981
-1.3565,-7.4708,0.9855,0.9855
-1.4065,-7.5208,1.0238,1.0238
-1.4065,-7.5708,1.0124,1.0124
-1.4565,-7.6208,1.0463,1.0463
-1.4565,-7.6708,1.0342,1.0342
-1.5065,-7.7208,1.0730,1.0730
-1.5065,-7.7708,1.0601,1.0601
-1.5565,-7.8208,1.0946,1.0946
-1.5565,-7.8708,1.0829,1.0829
-1.6065,-7.9208,1.1221,1.1221
-1.6065,-7.9708,1.1142,1.1142
-1.6065,-8.0208,1.1080,1.1080
-1.6565,-8.0708,1.1534,1.1534
-1.6565,-8.1208,1.1509,1.1509
-1.7065,-8.1708,1.2000,1.2000
-1.7065,-8.2208,1.2000,1.2000
-1.7565,-8.2708,1.2500,1.2500
-1.7565,-8.3208,1.2500,1.2500
-1.8065,-8.3708,1.3000,1.3000
-1.8065,-8.4208,1.3000,1.3000
-1.8065,-8.4708,1.3000,1.3000
-1.8565,-8.5208,1.3500,1.3500
-1.8565,-8.5708,1.3500,1.3500
-1.9065,-8.6208,1.4000,1.4000
-1.9065,-8.6708,1.4000,1.4000
-1.9065,-8.7208,1.4000,1.4000
-1.9565,-8.7708,1.4500,1.4500
-1.9565,-8.8208,1.4500,1.4500
-1.9565,-8.8708,1.4500,1.4500
-1.9565,-8.9208,1.4500,1.4500
-1.9565,-8.9708,1.4500,1.4500
-1.9565,-9.0208,1.4500,1.4500
-1.9565,-9.0708,1.4507,1.4507
-1.9565,-9.1208,1.4529,1.4529
-1.9565,-9.1708,1.4564,1.4564
-1.9065,-9.2208,1.4117,1.4117
-1.9065,-9.2708,1.4183,1.4183
-1.9065,-9.3208,1.4263,1.4263
-1.9065,-9.3708,1.4357,1.4357
-1.9065,-9.4208,1.4464,1.4464
-1.9065,-9.4708,1.4586,1.4586
-1.9065,-9.5208,1.4720,1.4720
-1.8565,-9.5708,1.4393,1.4393
-1.8565,-9.6208,1.4557,1.4557
-1.8565,-9.6708,1.4720,1.4720
-1.8565,-9.7208,1.4868,1.4868
-1.8565,-9.7708,1.5028,1.5028
-1.8565,-9.8208,1.5200,1.5200
-1.8565,-9.8708,1.5344,1.5344
-1.8565,-9.9208,1.5500,1.5500
-1.8065,-9.9708,1.5200,1.5200
-1.8065,-10.0208,1.5344,1.5344
-1.8065,-10.0708,1.5500,1.5500
-1.8065,-10.1208,1.5668,1.5668
-1.8065,-10.1708,1.5500,1.5500
-1.8065,-10.2208,1.5344,1.5344
-1.8065,-10.2708,1.5200,1.5200
-1.7565,-10.3208,1.5500,1.5500
-1.7565,-10.3708,1.5344,1.5344
-1.7565,-10.4208,1.5200,1.5200
-1.7065,-10.4708,1.5500,1.5500
-1.7065,-10.5208,1.5344,1.5344
-1.7065,-10.5708,1.5200,1.5200
-1.6565,-10.6208,1.5554,1.5554
-1.6565,-10.6708,1.5439,1.5439
-1.6565,-10.7208,1.5337,1.5337
-1.6065,-10.7708,1.5500,1.5500
-1.6065,-10.8208,1.5500,1.5500
-1.5565,-10.8708,1.5344,1.5344
-1.5565,-10.9208,1.5500,1.5500
-1.5065,-10.9708,1.5200,1.5200
-1.5065,-11.0208,1.5385,1.5385
-1.4565,-11.0708,1.5125,1.5125
-1.4565,-11.1208,1.5337,1.5337
-1.4565,-11.1708,1.5500,1.5500
-1.4565,-11.2208,1.5668,1.5668
-1.4065,-11.2708,1.5385,1.5385
-1.4065,-11.3208,1.5581,1.5581
-1.4065,-11.3708,1.5561,1.5561
-1.3565,-11.4208,1.5500,1.5500
-1.3565,-11.4708,1.5561,1.5561
-1.3565,-11.5208,1.5337,1.5337
-1.3065,-11.5708,1.5581,1.5581
-1.3065,-11.6208,1.5385,1.5385
-1.2565,-11.6708,1.5561,1.5561
-1.2565,-11.7208,1.5500,1.5500
-1.2065,-11.7708,1.5561,1.5561
-1.2065,-11.8208,1.5561,1.5561
-1.1565,-11.8708,1.5561,1.5561
-1.1565,-11.9208,1.5561,1.5561
-1.1065,-11.9708,1.5608,1.5608
-1.1065,-12.0208,1.5561,1.5561
-1.0565,-12.0708,1.5722,1.5722
-1.0565,-12.1208,1.5561,1.5561
-1.0065,-12.1708,1.5788,1.5788
-1.0065,-12.2208,1.5561,1.5561
-0.9565,-12.2708,1.5722,1.5722
-0.9065,-12.3208,1.5795,1.5795
-0.8565,-12.3708,1.5554,1.5554
-0.8065,-12.4208,1.5173,1.5173
-0.7565,-12.4708,1.4755,1.4755
-0.7065,-12.5208,1.4357,1.4357
-0.6565,-12.5708,1.3978,1.3978
-0.6065,-12.5708,1.4066,1.4066
-0.5565,-12.6208,1.3621,1.3621
-0.5065,-12.6708,1.3194,1.3194
-0.4565,-12.6708,1.3279,1.3279
-0.4065,-12.7208,1.2890,1.2890
-0.3565,-12.7208,1.3000,1.3000
-0.3065,-12.7708,1.2500,1.2500
-0.2565,-12.7708,1.2500,1.2500
-0.2065,-12.8208,1.2000,1.2000
-0.1565,-12.8208,1.2000,1.2000
-0.1065,-12.8208,1.2000,1.2000
-0.0565,-12.8708,1.1500,1.1500
-0.0065,-12.8708,1.1500,1.1500
0.0435,-12.8708,1.1500,1.1500
0.0935,-12.9208,1.1000,1.1000
0.1435,-12.9208,1.1000,1.1000
0.1935,-12.9208,1.1000,1.1000
0.2435,-12.9208,1.1000,1.1000
0.2935,-12.9708,1.0500,1.0500
0.3435,-12.9708,1.0509,1.0509
0.3935,-13.0208,1.0038,1.0038
0.4435,-13.0208,1.0086,1.0086
0.4935,-13.0208,1.0153,1.0153
0.5435,-13.0208,1.0238,1.0238
0.5935,-13.0208,1.0342,1.0342
0.6435,-13.0708,0.9981,0.9981
0.6935,-13.0708,1.0124,1.0124
0.7435,-13.0708,1.0285,1.0285
0.7935,-13.0708,1.0463,1.0463
0.8435,-13.0708,1.0657,1.0657
0.8935,-13.0708,1.0865,1.0865
0.9435,-13.0708,1.1089,1.1089
0.9935,-13.1208,1.0865,1.0865
1.0435,-13.1208,1.1089,1.1089
1.0935,-13.1208,1.1327,1.1327
1.1435,-13.1208,1.1230,1.1230
1.1935,-13.1208,1.1080,1.1080
1.2435,-13.1208,1.0928,1.0928
1.2935,-13.1708,1.1230,1.1230
1.3435,-13.1708,1.1080,1.1080
1.3935,-13.1708,1.0928,1.0928
1.4435,-13.2208,1.1230,1.1230
1.4935,-13.2708,1.1560,1.1560
1.5435,-13.3208,1.1916,1.1916
1.5935,-13.3708,1.2297,1.2297
1.5935,-13.4208,1.2305,1.2305
1.6435,-13.4708,1.2403,1.2403
1.6435,-13.5208,1.2116,1.2116
1.6435,-13.5708,1.1841,1.1841
1.6935,-13.6208,1.2008,1.2008
1.6935,-13.6708,1.1765,1.1765
1.6935,-13.7208,1.1534,1.1534
1.6935,-13.7708,1.1318,1.1318
1.7435,-13.8208,1.1577,1.1577
1.7435,-13.8708,1.1396,1.1396
1.7435,-13.9208,1.1230,1.1230
1.7435,-13.9708,1.1080,1.1080
1.7435,-14.0208,1.0946,1.0946
1.7935,-14.0708,1.1318,1.1318
1.7935,-14.1208,1.1221,1.1221
1.7935,-14.1708,1.1142,1.1142
1.7935,-14.2208,1.1080,1.1080
1.7935,-14.2708,1.1036,1.1036
1.7935,-14.3208,1.1009,1.1009
1.7935,-14.3708,1.1000,1.1000
1.7935,-14.4208,1.1000,1.1000
1.8435,-14.4708,1.1500,1.1500
1.8435,-14.5208,1.1500,1.1500
1.8435,-14.5708,1.1500,1.1500
1.8435,-14.6208,1.1500,1.1500
1.8435,-14.6708,1.1509,1.1509
1.8435,-14.7208,1.1534,1.1534
1.8435,-14.7708,1.1577,1.1577
1.8435,-14.8208,1.1637,1.1637
1.8435,-14.8708,1.1714,1.1714
1.8435,-14.9208,1.1807,1.1807
1.8435,-14.9708,1.1916,1.1916
1.8435,-15.0208,1.2042,1.2042
1.8435,-15.0708,1.2133,1.2133
1.8435,-15.1208,1.2207,1.2207
1.8435,-15.1708,1.2297,1.2297
1.8435,-15.2208,1.2403,1.2403
1.8435,-15.2708,1.2500,1.2500
1.8435,-15.3208,1.2500,1.2500
1.8435,-15.3708,1.2500,1.2500
1.8435,-15.4208,1.2403,1.2403
1.8435,-15.4708,1.2297,1.2297
1.8435,-15.5208,1.2207,1.2207
1.8435,-15.5708,1.2133,1.2133
1.8435,-15.6208,1.2075,1.2075
1.8435,-15.6708,1.2033,1.2033
1.8435,-15.7208,1.2008,1.2008
1.8435,-15.7708,1.2000,1.2000
1.8435,-15.8208,1.2000,1.2000
1.8935,-15.8708,1.1431,1.1431
1.8935,-15.9208,1.1318,1.1318
1.8935,-15.9708,1.1221,1.1221
1.8935,-16.0208,1.1142,1.1142
1.8935,-16.0708,1.1080,1.1080
1.8935,-16.1208,1.1036,1.1036
1.8935,-16.1708,1.1009,1.1009
1.8935,-16.2208,1.1000,1.1000
1.8935,-16.2708,1.1000,1.1000
1.8935,-16.3208,1.1000,1.1000
1.8935,-16.3708,1.1000,1.1000
1.9435,-16.4208,1.0500,1.0500
1.9435,-16.4708,1.0500,1.0500
1.9435,-16.5208,1.0500,1.0500
1.9435,-16.5708,1.0500,1.0500
1.9435,-16.6208,1.0500,1.0500
1.9435,-16.6708,1.0500,1.0500
1.9435,-16.7208,1.0500,1.0500
1.9435,-16.7708,1.0500,1.0500
1.9435,-16.8208,1.0500,1.0500
1.9435,-16.8708,1.0500,1.0500
1.9935,-16.9208,1.0000,1.0000
1.9935,-16.9708,1.0000,1.0000
1.9935,-17.0208,1.0000,1.0000
1.9935,-17.0708,1.0000,1.0000
1.9935,-17.1208,1.0000,1.0000
1.9935,-17.1708,1.0000,1.0000
1.9935,-17.2208,1.0000,1.0000
1.9935,-17.2708,1.0000,1.0000
1.9935,-17.3208,1.0000,1.0000
1.9935,-17.3708,1.0000,1.0000
1.9935,-17.4208,1.0000,1.0000
2.0435,-17.4708,0.9500,0.9500
